{
  "name": "root",
  "gauges": [
    {
      "name": "LearningBrain.mean_reward",
      "value": 93.04999733658042,
      "min": -13.817000655457377,
      "max": 322.61699067242444,
      "count": 191
    }
  ],
  "total": 3428.9450041,
  "count": 1,
  "self": 29.59117580006341,
  "children": [
    {
      "name": "TrainerController.advance",
      "total": 3399.3538282999366,
      "count": 200001,
      "self": 386.6722390999644,
      "children": [
        {
          "name": "env_step",
          "total": 2511.527184799974,
          "count": 200001,
          "self": 2275.916725700095,
          "children": [
            {
              "name": "SubprocessEnvManager._take_step",
              "total": 233.28621440001265,
              "count": 200001,
              "self": 4.342583599947375,
              "children": [
                {
                  "name": "PPOPolicy.evaluate",
                  "total": 228.94363080006528,
                  "count": 200001,
                  "self": 228.94363080006528
                }
              ]
            },
            {
              "name": "workers",
              "total": 2.324244699866366,
              "count": 200001,
              "self": 0.0,
              "children": [
                {
                  "name": "worker_root",
                  "total": 3417.984544900026,
                  "count": 200001,
                  "is_parallel": true,
                  "self": 1355.4513263001077,
                  "children": [
                    {
                      "name": "UnityEnvironment.step",
                      "total": 2062.533218599918,
                      "count": 200001,
                      "is_parallel": true,
                      "self": 201.7848943999661,
                      "children": [
                        {
                          "name": "UnityEnvironment._generate_step_input",
                          "total": 156.1345614999655,
                          "count": 200001,
                          "is_parallel": true,
                          "self": 156.1345614999655
                        },
                        {
                          "name": "communicator.exchange",
                          "total": 1704.6137626999866,
                          "count": 200001,
                          "is_parallel": true,
                          "self": 1704.6137626999866
                        }
                      ]
                    }
                  ]
                }
              ]
            }
          ]
        },
        {
          "name": "update_policy",
          "total": 501.1544043999982,
          "count": 766,
          "self": 262.80741519995775,
          "children": [
            {
              "name": "PPOPolicy.update",
              "total": 238.34698920004047,
              "count": 36768,
              "self": 238.34698920004047
            }
          ]
        }
      ]
    }
  ]
}