{
  "name": "root",
  "gauges": [
    {
      "name": "LearningBrain.mean_reward",
      "value": -11.314999558962882,
      "min": -68.0499980635941,
      "max": -8.509999457746744,
      "count": 7
    }
  ],
  "total": 440.6377341,
  "count": 1,
  "self": 24.758551099996453,
  "children": [
    {
      "name": "TrainerController.advance",
      "total": 415.87918300000354,
      "count": 13778,
      "self": 20.73523130000285,
      "children": [
        {
          "name": "env_step",
          "total": 391.0775637000007,
          "count": 13778,
          "self": 369.64516719999926,
          "children": [
            {
              "name": "SubprocessEnvManager._take_step",
              "total": 21.22361090000033,
              "count": 13778,
              "self": 0.41147689999883497,
              "children": [
                {
                  "name": "PPOPolicy.evaluate",
                  "total": 20.812134000001496,
                  "count": 13778,
                  "self": 20.812134000001496
                }
              ]
            },
            {
              "name": "workers",
              "total": 0.2087856000011321,
              "count": 13777,
              "self": 0.0,
              "children": [
                {
                  "name": "worker_root",
                  "total": 432.07781769999923,
                  "count": 13777,
                  "is_parallel": true,
                  "self": 78.22273979999835,
                  "children": [
                    {
                      "name": "UnityEnvironment.step",
                      "total": 353.8550779000009,
                      "count": 13777,
                      "is_parallel": true,
                      "self": 5.533911399999738,
                      "children": [
                        {
                          "name": "UnityEnvironment._generate_step_input",
                          "total": 2.9907741000024153,
                          "count": 13777,
                          "is_parallel": true,
                          "self": 2.9907741000024153
                        },
                        {
                          "name": "communicator.exchange",
                          "total": 345.33039239999874,
                          "count": 13777,
                          "is_parallel": true,
                          "self": 345.33039239999874
                        }
                      ]
                    }
                  ]
                }
              ]
            }
          ]
        },
        {
          "name": "update_policy",
          "total": 4.066387999999961,
          "count": 3,
          "self": 1.5451764999999966,
          "children": [
            {
              "name": "PPOPolicy.update",
              "total": 2.521211499999964,
              "count": 144,
              "self": 2.521211499999964
            }
          ]
        }
      ]
    }
  ]
}