{
  "name": "root",
  "gauges": [
    {
      "name": "LearningBrain.mean_reward",
      "value": -94.32772400730755,
      "min": -94.32772400730755,
      "max": 53.32599984438691,
      "count": 20
    }
  ],
  "total": 444.5060391,
  "count": 1,
  "self": 16.284983800003317,
  "children": [
    {
      "name": "TrainerController.advance",
      "total": 428.2210552999967,
      "count": 20001,
      "self": 30.38252870000025,
      "children": [
        {
          "name": "env_step",
          "total": 370.2230882999963,
          "count": 20001,
          "self": 348.1794960999995,
          "children": [
            {
              "name": "SubprocessEnvManager._take_step",
              "total": 21.802743199998567,
              "count": 20001,
              "self": 0.4268898999990114,
              "children": [
                {
                  "name": "PPOPolicy.evaluate",
                  "total": 21.375853299999555,
                  "count": 20001,
                  "self": 21.375853299999555
                }
              ]
            },
            {
              "name": "workers",
              "total": 0.24084899999820664,
              "count": 20001,
              "self": 0.0,
              "children": [
                {
                  "name": "worker_root",
                  "total": 440.25794079999923,
                  "count": 20001,
                  "is_parallel": true,
                  "self": 111.08421839999994,
                  "children": [
                    {
                      "name": "UnityEnvironment.step",
                      "total": 329.1737223999993,
                      "count": 20001,
                      "is_parallel": true,
                      "self": 14.597254899998461,
                      "children": [
                        {
                          "name": "UnityEnvironment._generate_step_input",
                          "total": 11.140205100001431,
                          "count": 20001,
                          "is_parallel": true,
                          "self": 11.140205100001431
                        },
                        {
                          "name": "communicator.exchange",
                          "total": 303.4362623999994,
                          "count": 20001,
                          "is_parallel": true,
                          "self": 303.4362623999994
                        }
                      ]
                    }
                  ]
                }
              ]
            }
          ]
        },
        {
          "name": "update_policy",
          "total": 27.615438300000154,
          "count": 45,
          "self": 14.48895060000029,
          "children": [
            {
              "name": "PPOPolicy.update",
              "total": 13.126487699999863,
              "count": 2163,
              "self": 13.126487699999863
            }
          ]
        }
      ]
    }
  ]
}