{
  "name": "root",
  "gauges": [
    {
      "name": "LearningBrain.mean_reward",
      "value": 42.53299776976928,
      "min": -1.9250002733897418,
      "max": 146.0329938022187,
      "count": 154
    }
  ],
  "total": 3499.4022991,
  "count": 1,
  "self": 23.996507699957874,
  "children": [
    {
      "name": "TrainerController.advance",
      "total": 3475.4057914000423,
      "count": 200001,
      "self": 378.1410734999913,
      "children": [
        {
          "name": "env_step",
          "total": 2600.2539183000536,
          "count": 200001,
          "self": 2388.1549696999045,
          "children": [
            {
              "name": "SubprocessEnvManager._take_step",
              "total": 209.84826370013116,
              "count": 200001,
              "self": 4.087230100146627,
              "children": [
                {
                  "name": "PPOPolicy.evaluate",
                  "total": 205.76103359998453,
                  "count": 200001,
                  "self": 205.76103359998453
                }
              ]
            },
            {
              "name": "workers",
              "total": 2.2506849000178173,
              "count": 200001,
              "self": 0.0,
              "children": [
                {
                  "name": "worker_root",
                  "total": 3488.5231272999813,
                  "count": 200001,
                  "is_parallel": true,
                  "self": 1305.3395457999468,
                  "children": [
                    {
                      "name": "UnityEnvironment.step",
                      "total": 2183.1835815000345,
                      "count": 200001,
                      "is_parallel": true,
                      "self": 264.3543553000509,
                      "children": [
                        {
                          "name": "UnityEnvironment._generate_step_input",
                          "total": 152.51321019999384,
                          "count": 200001,
                          "is_parallel": true,
                          "self": 152.51321019999384
                        },
                        {
                          "name": "communicator.exchange",
                          "total": 1766.3160159999898,
                          "count": 200001,
                          "is_parallel": true,
                          "self": 1766.3160159999898
                        }
                      ]
                    }
                  ]
                }
              ]
            }
          ]
        },
        {
          "name": "update_policy",
          "total": 497.0107995999973,
          "count": 765,
          "self": 265.10692389997655,
          "children": [
            {
              "name": "PPOPolicy.update",
              "total": 231.9038757000208,
              "count": 36723,
              "self": 231.9038757000208
            }
          ]
        }
      ]
    }
  ]
}