{
  "name": "root",
  "gauges": [
    {
      "name": "LearningBrain.mean_reward",
      "value": -0.25000015273690224,
      "min": -42.39200314611662,
      "max": 1.7499998005805537,
      "count": 73
    }
  ],
  "total": 2837.2109944000003,
  "count": 1,
  "self": 35.483535199965445,
  "children": [
    {
      "name": "TrainerController.advance",
      "total": 2801.727459200035,
      "count": 100001,
      "self": 310.7966820999536,
      "children": [
        {
          "name": "env_step",
          "total": 2143.451690500081,
          "count": 100001,
          "self": 1977.217924000085,
          "children": [
            {
              "name": "SubprocessEnvManager._take_step",
              "total": 164.42993259997218,
              "count": 100001,
              "self": 3.2221342999646936,
              "children": [
                {
                  "name": "PPOPolicy.evaluate",
                  "total": 161.20779830000748,
                  "count": 100001,
                  "self": 161.20779830000748
                }
              ]
            },
            {
              "name": "workers",
              "total": 1.803833900023747,
              "count": 100001,
              "self": 0.0,
              "children": [
                {
                  "name": "worker_root",
                  "total": 2823.0058155000224,
                  "count": 100001,
                  "is_parallel": true,
                  "self": 1002.8889624000578,
                  "children": [
                    {
                      "name": "UnityEnvironment.step",
                      "total": 1820.1168530999646,
                      "count": 100001,
                      "is_parallel": true,
                      "self": 215.80586979999975,
                      "children": [
                        {
                          "name": "UnityEnvironment._generate_step_input",
                          "total": 141.9786128000044,
                          "count": 100001,
                          "is_parallel": true,
                          "self": 141.9786128000044
                        },
                        {
                          "name": "communicator.exchange",
                          "total": 1462.3323704999605,
                          "count": 100001,
                          "is_parallel": true,
                          "self": 1462.3323704999605
                        }
                      ]
                    }
                  ]
                }
              ]
            }
          ]
        },
        {
          "name": "update_policy",
          "total": 347.4790866000003,
          "count": 384,
          "self": 196.6869470999745,
          "children": [
            {
              "name": "PPOPolicy.update",
              "total": 150.7921395000258,
              "count": 18432,
              "self": 150.7921395000258
            }
          ]
        }
      ]
    }
  ]
}