{
  "name": "root",
  "gauges": [
    {
      "name": "LearningBrain.mean_reward",
      "value": 18.473666236076195,
      "min": -1.0232703203077402,
      "max": 21.266110667131013,
      "count": 200
    }
  ],
  "total": 3575.8615375,
  "count": 1,
  "self": 31.834811400017315,
  "children": [
    {
      "name": "TrainerController.advance",
      "total": 3544.0267260999826,
      "count": 200001,
      "self": 387.7983372999015,
      "children": [
        {
          "name": "env_step",
          "total": 2648.571128900081,
          "count": 200001,
          "self": 2419.1620099001825,
          "children": [
            {
              "name": "SubprocessEnvManager._take_step",
              "total": 227.0699715999896,
              "count": 200001,
              "self": 4.229624500016513,
              "children": [
                {
                  "name": "PPOPolicy.evaluate",
                  "total": 222.8403470999731,
                  "count": 200001,
                  "self": 222.8403470999731
                }
              ]
            },
            {
              "name": "workers",
              "total": 2.3391473999090735,
              "count": 200001,
              "self": 0.0,
              "children": [
                {
                  "name": "worker_root",
                  "total": 3564.624598300106,
                  "count": 200001,
                  "is_parallel": true,
                  "self": 1356.3610151001453,
                  "children": [
                    {
                      "name": "UnityEnvironment.step",
                      "total": 2208.2635831999605,
                      "count": 200001,
                      "is_parallel": true,
                      "self": 211.95485739985475,
                      "children": [
                        {
                          "name": "UnityEnvironment._generate_step_input",
                          "total": 161.4618760000877,
                          "count": 200001,
                          "is_parallel": true,
                          "self": 161.4618760000877
                        },
                        {
                          "name": "communicator.exchange",
                          "total": 1834.8468498000182,
                          "count": 200001,
                          "is_parallel": true,
                          "self": 1834.8468498000182
                        }
                      ]
                    }
                  ]
                }
              ]
            }
          ]
        },
        {
          "name": "update_policy",
          "total": 507.6572599000001,
          "count": 765,
          "self": 272.701845399983,
          "children": [
            {
              "name": "PPOPolicy.update",
              "total": 234.95541450001713,
              "count": 36720,
              "self": 234.95541450001713
            }
          ]
        }
      ]
    }
  ]
}