{
  "name": "root",
  "gauges": [
    {
      "name": "LearningBrain.mean_reward",
      "value": -0.30733346168805536,
      "min": -1.6817001389805228,
      "max": 0.9737140671848985,
      "count": 52
    }
  ],
  "total": 985.1125738,
  "count": 1,
  "self": 23.26788119999901,
  "children": [
    {
      "name": "TrainerController.advance",
      "total": 961.8446926000009,
      "count": 52584,
      "self": 103.72271680000108,
      "children": [
        {
          "name": "env_step",
          "total": 722.1236262999993,
          "count": 52584,
          "self": 658.1461642999805,
          "children": [
            {
              "name": "SubprocessEnvManager._take_step",
              "total": 63.36379430001422,
              "count": 52584,
              "self": 1.162736700022137,
              "children": [
                {
                  "name": "PPOPolicy.evaluate",
                  "total": 62.20105759999208,
                  "count": 52584,
                  "self": 62.20105759999208
                }
              ]
            },
            {
              "name": "workers",
              "total": 0.6136677000046262,
              "count": 52583,
              "self": 0.0,
              "children": [
                {
                  "name": "worker_root",
                  "total": 977.458932400002,
                  "count": 52583,
                  "is_parallel": true,
                  "self": 376.3554042999916,
                  "children": [
                    {
                      "name": "UnityEnvironment.step",
                      "total": 601.1035281000104,
                      "count": 52583,
                      "is_parallel": true,
                      "self": 71.97593029999928,
                      "children": [
                        {
                          "name": "UnityEnvironment._generate_step_input",
                          "total": 48.085572600013414,
                          "count": 52583,
                          "is_parallel": true,
                          "self": 48.085572600013414
                        },
                        {
                          "name": "communicator.exchange",
                          "total": 481.04202519999774,
                          "count": 52583,
                          "is_parallel": true,
                          "self": 481.04202519999774
                        }
                      ]
                    }
                  ]
                }
              ]
            }
          ]
        },
        {
          "name": "update_policy",
          "total": 135.9983495000006,
          "count": 198,
          "self": 71.5544311000005,
          "children": [
            {
              "name": "PPOPolicy.update",
              "total": 64.44391840000009,
              "count": 9504,
              "self": 64.44391840000009
            }
          ]
        }
      ]
    }
  ]
}