{"cameraMode":{"drawMode":0,"name":"Shaded","section":"Shading Mode"},"sceneLighting":true,"audioPlay":false,"sceneViewState":{"showFog":true,"showMaterialUpdate":false,"showSkybox":true,"showFlares":true,"showImageEffects":true,"showParticleSystems":true},"in2DMode":false,"pivot":{"x":61.17939376831055,"y":-842.5364990234375,"z":184.94607543945313},"rotation":{"x":-0.6225581765174866,"y":-0.070853091776371,"z":0.056748706847429278,"w":-0.7772909998893738},"size":901.9430541992188,"orthographic":false}