{"cameraMode":{"drawMode":0,"name":"Shaded","section":"Shading Mode"},"sceneLighting":true,"audioPlay":false,"sceneViewState":{"showFog":true,"showMaterialUpdate":false,"showSkybox":true,"showFlares":true,"showImageEffects":true,"showParticleSystems":true},"in2DMode":false,"pivot":{"x":4.614907264709473,"y":0.9987353086471558,"z":-10.025814056396485},"rotation":{"x":-0.22183796763420106,"y":-0.609225332736969,"z":0.1828693151473999,"w":-0.7390505075454712},"size":19.03343391418457,"orthographic":false}