{"cameraMode":{"drawMode":0,"name":"Shaded","section":"Shading Mode"},"sceneLighting":true,"audioPlay":false,"sceneViewState":{"showFog":true,"showMaterialUpdate":false,"showSkybox":true,"showFlares":true,"showImageEffects":true,"showParticleSystems":true},"in2DMode":false,"pivot":{"x":0.5523433685302734,"y":1.8847779035568238,"z":-0.06147051602602005},"rotation":{"x":-0.08573806285858154,"y":-0.18159119784832,"z":0.01589520089328289,"w":-0.979500412940979},"size":22.0,"orthographic":false}