{"cameraMode":{"drawMode":0,"name":"Shaded","section":"Shading Mode"},"sceneLighting":false,"audioPlay":false,"sceneViewState":{"showFog":true,"showMaterialUpdate":false,"showSkybox":false,"showFlares":true,"showImageEffects":true,"showParticleSystems":true},"in2DMode":false,"pivot":{"x":0.000005520880222320557,"y":0.02247387170791626,"z":0.000001952052116394043},"rotation":{"x":-0.28921225666999819,"y":-0.3953000009059906,"z":0.1326807737350464,"w":-0.8617374897003174},"size":1.2320423126220704,"orthographic":false}