{"cameraMode":{"drawMode":0,"name":"Shaded","section":"Shading Mode"},"sceneLighting":false,"audioPlay":false,"sceneViewState":{"showFog":true,"showMaterialUpdate":false,"showSkybox":false,"showFlares":true,"showImageEffects":true,"showParticleSystems":true},"in2DMode":false,"pivot":{"x":74.0946044921875,"y":80.17618560791016,"z":69.76273345947266},"rotation":{"x":0.38303491473197939,"y":0.10541316121816635,"z":-0.04404890909790993,"w":0.9166522026062012},"size":13.111762046813965,"orthographic":true}