{"cameraMode":{"drawMode":0,"name":"Shaded","section":"Shading Mode"},"sceneLighting":false,"audioPlay":false,"sceneViewState":{"showFog":true,"showMaterialUpdate":false,"showSkybox":false,"showFlares":true,"showImageEffects":true,"showParticleSystems":true},"in2DMode":false,"pivot":{"x":0.0,"y":0.000020006293198093772,"z":-0.000016552628949284554},"rotation":{"x":-0.28921225666999819,"y":-0.3953000009059906,"z":0.1326807737350464,"w":-0.8617374897003174},"size":0.01228116825222969,"orthographic":false}