{"cameraMode":{"drawMode":0,"name":"Shaded","section":"Shading Mode"},"sceneLighting":true,"audioPlay":false,"sceneViewState":{"showFog":true,"showMaterialUpdate":false,"showSkybox":true,"showFlares":true,"showImageEffects":true,"showParticleSystems":true},"in2DMode":false,"pivot":{"x":18.679601669311525,"y":7.0532450675964359,"z":4.524519920349121},"rotation":{"x":-0.28921225666999819,"y":-0.3953000009059906,"z":0.1326807737350464,"w":-0.8617374897003174},"size":26.865720748901368,"orthographic":false}