{"cameraMode":{"drawMode":0,"name":"Shaded","section":"Shading Mode"},"sceneLighting":false,"audioPlay":false,"sceneViewState":{"showFog":true,"showMaterialUpdate":false,"showSkybox":true,"showFlares":true,"showImageEffects":true,"showParticleSystems":true},"in2DMode":false,"pivot":{"x":0.021659396588802339,"y":2.160569429397583,"z":-0.6627514362335205},"rotation":{"x":0.0006131001864559948,"y":-0.9826910495758057,"z":0.003252700436860323,"w":0.1852225661277771},"size":4.832857131958008,"orthographic":false}