{"cameraMode":{"drawMode":0,"name":"Shaded","section":"Shading Mode"},"sceneLighting":false,"audioPlay":false,"sceneViewState":{"showFog":true,"showMaterialUpdate":false,"showSkybox":true,"showFlares":true,"showImageEffects":true,"showParticleSystems":true},"in2DMode":false,"pivot":{"x":-0.5940394401550293,"y":-0.06095951423048973,"z":-6.024228572845459},"rotation":{"x":0.1168304830789566,"y":-0.834247887134552,"z":0.19384679198265077,"w":0.5027968883514404},"size":4.759726047515869,"orthographic":false}