{"cameraMode":{"drawMode":0,"name":"Shaded","section":"Shading Mode"},"sceneLighting":false,"audioPlay":false,"sceneViewState":{"showFog":true,"showMaterialUpdate":false,"showSkybox":true,"showFlares":true,"showImageEffects":true,"showParticleSystems":true},"in2DMode":false,"pivot":{"x":-0.007296663708984852,"y":-2.188359260559082,"z":2.3928909301757814},"rotation":{"x":0.1138194128870964,"y":0.6048680543899536,"z":-0.08789947628974915,"w":0.7832326889038086},"size":9.490144729614258,"orthographic":false}