{"cameraMode":{"drawMode":0,"name":"Shaded","section":"Shading Mode"},"sceneLighting":false,"audioPlay":false,"sceneViewState":{"showFog":true,"showMaterialUpdate":false,"showSkybox":true,"showFlares":true,"showImageEffects":true,"showParticleSystems":true},"in2DMode":false,"pivot":{"x":0.4608994424343109,"y":0.4323439300060272,"z":1.3984546661376954},"rotation":{"x":0.09486900269985199,"y":-0.16260471940040589,"z":0.01570899784564972,"w":0.9819943904876709},"size":4.205717086791992,"orthographic":false}