{"cameraMode":{"drawMode":0,"name":"Shaded","section":"Shading Mode"},"sceneLighting":false,"audioPlay":false,"sceneViewState":{"showFog":true,"showMaterialUpdate":false,"showSkybox":true,"showFlares":true,"showImageEffects":true,"showParticleSystems":true},"in2DMode":false,"pivot":{"x":-0.00918269157409668,"y":-0.003549337387084961,"z":-0.0017552375793457032},"rotation":{"x":0.2079325169324875,"y":-0.3564681112766266,"z":0.08170298486948013,"w":0.9072040915489197},"size":4.483351707458496,"orthographic":false}