{"cameraMode":{"drawMode":0,"name":"Shaded","section":"Shading Mode"},"sceneLighting":false,"audioPlay":false,"sceneViewState":{"showFog":true,"showMaterialUpdate":false,"showSkybox":true,"showFlares":true,"showImageEffects":true,"showParticleSystems":true},"in2DMode":false,"pivot":{"x":-0.3341444134712219,"y":1.5423187017440797,"z":-0.5827967524528503},"rotation":{"x":0.06923139095306397,"y":-0.20559276640415193,"z":0.014582301490008831,"w":0.9760769009590149},"size":4.086306571960449,"orthographic":false}