{"cameraMode":{"drawMode":0,"name":"Shaded","section":"Shading Mode"},"sceneLighting":false,"audioPlay":false,"sceneViewState":{"showFog":true,"showMaterialUpdate":false,"showSkybox":true,"showFlares":true,"showImageEffects":true,"showParticleSystems":true},"in2DMode":false,"pivot":{"x":1.5740306377410889,"y":3.240000009536743,"z":-4.599094390869141},"rotation":{"x":0.2079325169324875,"y":-0.3564681112766266,"z":0.08170298486948013,"w":0.9072040915489197},"size":3.2262165546417238,"orthographic":false}