{"cameraMode":{"drawMode":0,"name":"Shaded","section":"Shading Mode"},"sceneLighting":false,"audioPlay":false,"sceneViewState":{"showFog":true,"showMaterialUpdate":false,"showSkybox":false,"showFlares":true,"showImageEffects":true,"showParticleSystems":true},"in2DMode":false,"pivot":{"x":-0.002966943196952343,"y":0.49082618951797488,"z":-0.013360097073018551},"rotation":{"x":-0.013176078908145428,"y":-0.9850963354110718,"z":-0.088292196393013,"w":0.14708590507507325},"size":1.2125436067581177,"orthographic":true}