{"cameraMode":{"drawMode":0,"name":"Shaded","section":"Shading Mode"},"sceneLighting":true,"audioPlay":false,"sceneViewState":{"showFog":true,"showMaterialUpdate":false,"showSkybox":true,"showFlares":true,"showImageEffects":true,"showParticleSystems":true},"in2DMode":false,"pivot":{"x":18.920604705810548,"y":7.247453689575195,"z":16.695383071899415},"rotation":{"x":-0.049001071602106097,"y":0.9503043293952942,"z":-0.19870880246162415,"w":-0.23471090197563172},"size":8.993364334106446,"orthographic":true}