{"cameraMode":{"drawMode":0,"name":"Shaded","section":"Shading Mode"},"sceneLighting":false,"audioPlay":false,"sceneViewState":{"showFog":true,"showMaterialUpdate":false,"showSkybox":true,"showFlares":true,"showImageEffects":true,"showParticleSystems":true},"in2DMode":false,"pivot":{"x":-0.005283546168357134,"y":0.10081274062395096,"z":-0.006277377717196941},"rotation":{"x":-0.03647282347083092,"y":-0.19421802461147309,"z":-0.007226374465972185,"w":0.9802535176277161},"size":2.56499981880188,"orthographic":false}