{"cameraMode":{"drawMode":0,"name":"Shaded","section":"Shading Mode"},"sceneLighting":true,"audioPlay":false,"sceneViewState":{"showFog":true,"showMaterialUpdate":false,"showSkybox":true,"showFlares":true,"showImageEffects":true,"showParticleSystems":true},"in2DMode":false,"pivot":{"x":-5.634251594543457,"y":-37.91459274291992,"z":-37.671241760253909},"rotation":{"x":0.12754416465759278,"y":-0.8698146343231201,"z":0.29824477434158327,"w":0.372039794921875},"size":122.54290008544922,"orthographic":true}