{"cameraMode":{"drawMode":0,"name":"Shaded","section":"Shading Mode"},"sceneLighting":false,"audioPlay":false,"sceneViewState":{"showFog":true,"showMaterialUpdate":false,"showSkybox":true,"showFlares":true,"showImageEffects":true,"showParticleSystems":true},"in2DMode":false,"pivot":{"x":-1.5952284336090088,"y":0.03735017776489258,"z":-0.049214839935302737},"rotation":{"x":0.18664559721946717,"y":0.025641366839408876,"z":-0.004873085301369429,"w":0.9820805788040161},"size":2.7988576889038088,"orthographic":false}