{"cameraMode":{"drawMode":0,"name":"Shaded","section":"Shading Mode"},"sceneLighting":true,"audioPlay":false,"sceneViewState":{"showFog":true,"showMaterialUpdate":false,"showSkybox":true,"showFlares":true,"showImageEffects":true,"showParticleSystems":true},"in2DMode":false,"pivot":{"x":0.8779792785644531,"y":-6.689094543457031,"z":1.1594047546386719},"rotation":{"x":0.2687433660030365,"y":0.41135746240615847,"z":-0.12833042442798615,"w":0.8614519238471985},"size":55.529510498046878,"orthographic":false}