{"cameraMode":{"drawMode":0,"name":"Shaded","section":"Shading Mode"},"sceneLighting":true,"audioPlay":false,"sceneViewState":{"showFog":true,"showMaterialUpdate":false,"showSkybox":true,"showFlares":true,"showImageEffects":true,"showParticleSystems":true},"in2DMode":false,"pivot":{"x":13.503706932067871,"y":5.6333394050598148,"z":2.282100200653076},"rotation":{"x":0.1451621651649475,"y":-0.09778158366680145,"z":0.014418290928006173,"w":0.9844619035720825},"size":6.506999492645264,"orthographic":false}