{"cameraMode":{"drawMode":0,"name":"Shaded","section":"Shading Mode"},"sceneLighting":true,"audioPlay":false,"sceneViewState":{"showFog":true,"showMaterialUpdate":false,"showSkybox":true,"showFlares":true,"showImageEffects":true,"showParticleSystems":true},"in2DMode":false,"pivot":{"x":47.112884521484378,"y":2.407939910888672,"z":44.0135612487793},"rotation":{"x":0.1661609560251236,"y":0.1967579573392868,"z":-0.03385541960597038,"w":0.9656766057014465},"size":5.493127822875977,"orthographic":false}