{"cameraMode":{"drawMode":0,"name":"Shaded","section":"Shading Mode"},"sceneLighting":true,"audioPlay":false,"sceneViewState":{"showFog":true,"showMaterialUpdate":false,"showSkybox":true,"showFlares":true,"showImageEffects":true,"showParticleSystems":true},"in2DMode":false,"pivot":{"x":-190.17694091796876,"y":-40.748661041259769,"z":72.1849136352539},"rotation":{"x":-0.13744840025901795,"y":0.16323277354240418,"z":-0.02297150529921055,"w":-0.9766960740089417},"size":726.814208984375,"orthographic":false}