{"cameraMode":{"drawMode":0,"name":"Shaded","section":"Shading Mode"},"sceneLighting":true,"audioPlay":false,"sceneViewState":{"showFog":true,"showMaterialUpdate":false,"showSkybox":true,"showFlares":true,"showImageEffects":true,"showParticleSystems":true},"in2DMode":false,"pivot":{"x":-15.187210083007813,"y":-3.945966958999634,"z":23.289674758911134},"rotation":{"x":0.12204232066869736,"y":0.777360200881958,"z":-0.1591157615184784,"w":0.5962401032447815},"size":14.09475040435791,"orthographic":true}