{"cameraMode":{"drawMode":0,"name":"Shaded","section":"Shading Mode"},"sceneLighting":false,"audioPlay":false,"sceneViewState":{"showFog":true,"showMaterialUpdate":false,"showSkybox":false,"showFlares":true,"showImageEffects":true,"showParticleSystems":true},"in2DMode":false,"pivot":{"x":-1.1920928955078126e-7,"y":1.0907392501831055,"z":-0.00880315899848938},"rotation":{"x":0.05693726986646652,"y":0.9077881574630737,"z":-0.13107459247112275,"w":0.39433345198631289},"size":4.337021350860596,"orthographic":true}