{"cameraMode":{"drawMode":0,"name":"Shaded","section":"Shading Mode"},"sceneLighting":true,"audioPlay":false,"sceneViewState":{"showFog":true,"showMaterialUpdate":false,"showSkybox":true,"showFlares":true,"showImageEffects":true,"showParticleSystems":true},"in2DMode":false,"pivot":{"x":4.794073104858398,"y":-10.390559196472168,"z":1.8195877075195313},"rotation":{"x":0.11625105142593384,"y":0.3490069508552551,"z":-0.04369024187326431,"w":0.9288793802261353},"size":72.53546905517578,"orthographic":true}