{"cameraMode":{"drawMode":0,"name":"Shaded","section":"Shading Mode"},"sceneLighting":true,"audioPlay":false,"sceneViewState":{"showFog":true,"showMaterialUpdate":false,"showSkybox":true,"showFlares":true,"showImageEffects":true,"showParticleSystems":true},"in2DMode":false,"pivot":{"x":-12.36303424835205,"y":-18.71394920349121,"z":-19.67026710510254},"rotation":{"x":0.20405247807502747,"y":0.36947476863861086,"z":-0.08351865410804749,"w":0.9027075171470642},"size":108.32189178466797,"orthographic":false}