{"cameraMode":{"drawMode":0,"name":"Shaded","section":"Shading Mode"},"sceneLighting":true,"audioPlay":false,"sceneViewState":{"showFog":true,"showMaterialUpdate":false,"showSkybox":true,"showFlares":true,"showImageEffects":true,"showParticleSystems":true},"in2DMode":false,"pivot":{"x":4.2513837814331059,"y":5.17891788482666,"z":-0.487695574760437},"rotation":{"x":-0.05639194697141647,"y":-0.9137958884239197,"z":0.13614337146282197,"w":-0.37851232290267947},"size":96.37987518310547,"orthographic":true}